"Id","IsDeleted","UserId","IsLogin","LoginDate","LogOutDate","IpAddress"
"7E852EF8-2FD2-4F32-9DFF-08DAF28431EB","True","D401284E-B5D9-4C6D-9FA7-08DAF288810D","False","2023-01-09 21:50:36.212675","0001-01-01 00:00:00",""
"923A00E3-C3F5-4A77-9E19-08DAF28431EB","True","D401284E-B5D9-4C6D-9FA7-08DAF288810D","False","2023-01-09 22:08:57.154499","0001-01-01 00:00:00",""
"E3CBD0B4-A019-4D5B-9E4B-08DAF28431EB","True","D401284E-B5D9-4C6D-9FA7-08DAF288810D","False","2023-01-09 22:40:24.547637","0001-01-01 00:00:00",""
"06F26D1D-E755-487C-9EC0-08DAF28431EB","True","D401284E-B5D9-4C6D-9FA7-08DAF288810D","False","2023-01-09 23:32:36.709072","0001-01-01 00:00:00",""
"56F20E41-95F6-43D5-E239-08DAF2C97659","True","D401284E-B5D9-4C6D-9FA7-08DAF288810D","False","2023-01-10 18:33:02.978314","0001-01-01 00:00:00",""
"716CD3E3-84AB-4CA8-E278-08DAF2C97659","True","D401284E-B5D9-4C6D-9FA7-08DAF288810D","False","2023-01-10 19:22:28.287250","0001-01-01 00:00:00",""
"6F0675BE-49C3-49C3-032A-08DAF34304E5","True","D401284E-B5D9-4C6D-9FA7-08DAF288810D","False","2023-01-10 23:36:25.395007","0001-01-01 00:00:00",""
"CFC3ED0A-D6B8-44DA-3314-08DAF409B617","True","D401284E-B5D9-4C6D-9FA7-08DAF288810D","False","2023-01-11 19:37:34.735597","0001-01-01 00:00:00",""
"F4FA8600-38E3-4A4E-2A0B-08DAF7F86743","True","D401284E-B5D9-4C6D-9FA7-08DAF288810D","False","2023-01-16 20:27:02.174283","0001-01-01 00:00:00",""
"05D13F11-1D84-43F0-1D50-08DAF83AAAA2","True","D401284E-B5D9-4C6D-9FA7-08DAF288810D","False","2023-01-17 03:32:50.601415","0001-01-01 00:00:00",""
"D164B490-1E6C-4A3E-1D6F-08DAF83AAAA2","True","D401284E-B5D9-4C6D-9FA7-08DAF288810D","False","2023-01-17 05:00:45.337344","0001-01-01 00:00:00",""
"6C93958F-1515-4850-1D7E-08DAF83AAAA2","True","D401284E-B5D9-4C6D-9FA7-08DAF288810D","False","2023-01-17 06:14:07.189684","0001-01-01 00:00:00",""
"809154D1-826B-4ED1-1D8C-08DAF83AAAA2","True","D401284E-B5D9-4C6D-9FA7-08DAF288810D","False","2023-01-17 08:56:34.652896","0001-01-01 00:00:00",""
"2A1F55CC-32CC-499E-1E4A-08DAF83AAAA2","True","D401284E-B5D9-4C6D-9FA7-08DAF288810D","False","2023-01-17 17:18:06.006927","2023-01-17 17:22:48.748703",""
"D225E169-85B1-4124-1E4E-08DAF83AAAA2","True","487F4A47-9CCF-42BB-D85B-08DAF8A9D2B6","False","2023-01-17 17:24:31.797956","0001-01-01 00:00:00",""
"59AF21C4-9A76-444A-1E6F-08DAF83AAAA2","True","A753707C-58AB-43A4-D85E-08DAF8A9D2B6","False","2023-01-17 17:53:24.243693","0001-01-01 00:00:00",""
"613319BC-1585-4285-1EAD-08DAF83AAAA2","True","487F4A47-9CCF-42BB-D85B-08DAF8A9D2B6","False","2023-01-17 18:52:44.167695","0001-01-01 00:00:00",""
"618E06D0-7EA5-4EC7-2A66-08DAF8BDE670","True","487F4A47-9CCF-42BB-D85B-08DAF8A9D2B6","False","2023-01-17 20:51:10.912998","0001-01-01 00:00:00",""
"10553973-37B3-4B73-B075-08DAF8E45CD2","True","487F4A47-9CCF-42BB-D85B-08DAF8A9D2B6","False","2023-01-18 01:02:24.984678","0001-01-01 00:00:00",""
"DABC0840-4EDE-49E8-891D-08DAF94862BE","True","D401284E-B5D9-4C6D-9FA7-08DAF288810D","False","2023-01-18 17:07:42.700761","0001-01-01 00:00:00",""
"CAB4B346-E651-40BE-8991-08DAF94862BE","True","D401284E-B5D9-4C6D-9FA7-08DAF288810D","False","2023-01-18 18:56:02.676288","0001-01-01 00:00:00",""
"DC8D10E4-EC39-4CD8-89CA-08DAF94862BE","True","D401284E-B5D9-4C6D-9FA7-08DAF288810D","False","2023-01-18 20:02:24.818226","0001-01-01 00:00:00",""
"0DFED677-8A84-42F6-BE93-08DAF9951DCE","True","D401284E-B5D9-4C6D-9FA7-08DAF288810D","False","2023-01-18 23:31:03.240879","0001-01-01 00:00:00",""
"73CDC5B1-650C-4530-1656-08DAFA389915","True","D401284E-B5D9-4C6D-9FA7-08DAF288810D","False","2023-01-19 17:39:11.418884","0001-01-01 00:00:00",""
"7F1A5942-093A-4AF8-8D6A-08DAFB2A12CB","True","A753707C-58AB-43A4-D85E-08DAF8A9D2B6","False","2023-01-20 21:59:52.877282","0001-01-01 00:00:00",""
"4854A631-FB33-463B-439D-08DAFD636E26","True","A753707C-58AB-43A4-D85E-08DAF8A9D2B6","False","2023-01-23 21:21:29.275043","0001-01-01 00:00:00",""
"03694973-412C-4406-5AC2-08DAFF168A37","True","D401284E-B5D9-4C6D-9FA7-08DAF288810D","False","2023-01-25 22:04:47.716294","0001-01-01 00:00:00",""
"E946428B-7B1D-49CC-5AD7-08DAFF168A37","True","D401284E-B5D9-4C6D-9FA7-08DAF288810D","False","2023-01-25 22:25:28.061216","0001-01-01 00:00:00",""
"CF7621B5-58B3-4461-5B4E-08DAFF168A37","True","D401284E-B5D9-4C6D-9FA7-08DAF288810D","False","2023-01-26 00:03:57.803250","0001-01-01 00:00:00",""
"7BD0FA8B-06FA-40B4-5B61-08DAFF168A37","True","D401284E-B5D9-4C6D-9FA7-08DAF288810D","False","2023-01-26 00:18:57.465902","0001-01-01 00:00:00",""
"E3DAFD07-DED5-4138-5B73-08DAFF168A37","True","D401284E-B5D9-4C6D-9FA7-08DAF288810D","False","2023-01-26 00:35:01.921608","0001-01-01 00:00:00",""
"E26A47C5-9318-49AC-5B78-08DAFF168A37","True","E04BD2D2-1A48-4EFE-8184-08DAFF1D643C","False","2023-01-26 00:41:28.837745","0001-01-01 00:00:00",""
"386FCA95-2679-4467-6E82-08DAFF68B0B7","False","50A482D2-A62E-4DDD-8181-08DAFF1D643C","True","2023-01-26 12:13:30.092591","0001-01-01 00:00:00",""
"9E62A7E0-466F-4C71-6F32-08DAFF68B0B7","False","C73CFED1-5618-45BA-8186-08DAFF1D643C","True","2023-01-26 17:00:48.925107","0001-01-01 00:00:00",""
"0DBCFB3E-75CC-4792-6F3F-08DAFF68B0B7","True","DA6AC379-A8D7-4507-8182-08DAFF1D643C","False","2023-01-26 17:14:57.130805","0001-01-01 00:00:00",""
"C7789272-A331-47AF-8B79-08DB001C9217","True","DA6AC379-A8D7-4507-8182-08DAFF1D643C","False","2023-01-27 16:21:33.592088","0001-01-01 00:00:00",""
"126DEFA5-46EE-432C-8B8A-08DB001C9217","True","DA6AC379-A8D7-4507-8182-08DAFF1D643C","False","2023-01-27 16:36:39.326698","0001-01-01 00:00:00",""
"C866FFF3-2FFC-410D-8B93-08DB001C9217","False","6FF70A9C-83D2-4E93-8187-08DAFF1D643C","True","2023-01-27 16:43:48.929457","0001-01-01 00:00:00",""
"E3697E07-9124-448B-8B98-08DB001C9217","True","AB995316-AC5B-4F93-3F22-08DB008453BF","False","2023-01-27 16:45:23.143332","0001-01-01 00:00:00",""
"273DCBF7-CEB9-4390-8B9F-08DB001C9217","True","DA6AC379-A8D7-4507-8182-08DAFF1D643C","False","2023-01-27 16:52:06.905721","0001-01-01 00:00:00",""
"020B5303-27F9-4FB0-568E-08DB00876EE4","True","F4A5AF47-4C44-415C-8189-08DAFF1D643C","False","2023-01-27 17:50:28.285882","2023-01-27 17:50:54.998736",""
"5FB40494-66B7-4A91-DB6C-08DB0200F8F0","True","AB995316-AC5B-4F93-3F22-08DB008453BF","False","2023-01-30 16:25:52.280157","0001-01-01 00:00:00",""
"A11DE64C-040B-4DCE-56DE-08DB02E3FE39","True","AB995316-AC5B-4F93-3F22-08DB008453BF","False","2023-01-30 18:40:47.569172","0001-01-01 00:00:00",""
"14BFD287-2DC3-40E0-571C-08DB02E3FE39","True","AB995316-AC5B-4F93-3F22-08DB008453BF","False","2023-01-30 19:42:00.175224","0001-01-01 00:00:00",""
"2BC058CB-2F52-4F7E-57EE-08DB02E3FE39","True","E04BD2D2-1A48-4EFE-8184-08DAFF1D643C","False","2023-01-30 22:44:38.492047","0001-01-01 00:00:00",""
"160B0D41-E710-4223-2A61-08DB0315B801","True","E04BD2D2-1A48-4EFE-8184-08DAFF1D643C","False","2023-01-30 23:12:36.027901","0001-01-01 00:00:00",""
"7888389A-6315-4BB5-2A93-08DB0315B801","True","E04BD2D2-1A48-4EFE-8184-08DAFF1D643C","False","2023-01-30 23:44:37.466653","0001-01-01 00:00:00",""
"E8ADEEF8-061D-40E8-68C7-08DB037CA0CE","True","A753707C-58AB-43A4-D85E-08DAF8A9D2B6","False","2023-01-31 16:49:30.857791","0001-01-01 00:00:00",""
"E5968A58-C1EE-430D-68C9-08DB037CA0CE","True","AB995316-AC5B-4F93-3F22-08DB008453BF","False","2023-01-31 16:49:53.943791","0001-01-01 00:00:00",""
"949BF6E4-F33B-499B-68CF-08DB037CA0CE","True","AB995316-AC5B-4F93-3F22-08DB008453BF","False","2023-01-31 16:53:42.475351","0001-01-01 00:00:00",""
"82DCF2F7-0030-4677-9355-08DB03AC038D","True","AB995316-AC5B-4F93-3F22-08DB008453BF","False","2023-01-31 17:52:26.010222","0001-01-01 00:00:00",""
"8523DA15-F741-4FDC-9366-08DB03AC038D","True","AB995316-AC5B-4F93-3F22-08DB008453BF","False","2023-01-31 18:08:40.346983","0001-01-01 00:00:00",""
"FBC12E21-9332-489B-9396-08DB03AC038D","True","AB995316-AC5B-4F93-3F22-08DB008453BF","False","2023-01-31 18:57:06.443607","0001-01-01 00:00:00",""
"1DC43D3D-684E-4C15-93A2-08DB03AC038D","True","D401284E-B5D9-4C6D-9FA7-08DAF288810D","False","2023-01-31 19:04:23.510323","0001-01-01 00:00:00",""
"1EFC8FD9-8F8A-4171-93A3-08DB03AC038D","True","AB995316-AC5B-4F93-3F22-08DB008453BF","False","2023-01-31 19:04:44.671920","0001-01-01 00:00:00",""
"5CA1D8A2-0850-4752-93AE-08DB03AC038D","True","AB995316-AC5B-4F93-3F22-08DB008453BF","False","2023-01-31 19:11:57.596567","0001-01-01 00:00:00",""
"AE92A5DA-686B-46CC-93AF-08DB03AC038D","True","AB995316-AC5B-4F93-3F22-08DB008453BF","False","2023-01-31 19:13:01.665950","0001-01-01 00:00:00",""
"BA96CA92-DBD0-4A88-93CC-08DB03AC038D","True","D401284E-B5D9-4C6D-9FA7-08DAF288810D","False","2023-01-31 19:42:18.412866","0001-01-01 00:00:00",""
"BCBEB3D6-81B2-49E9-93FC-08DB03AC038D","True","E04BD2D2-1A48-4EFE-8184-08DAFF1D643C","False","2023-01-31 20:34:56.510612","0001-01-01 00:00:00",""
"47C9B339-7DB2-4A74-9413-08DB03AC038D","True","AB995316-AC5B-4F93-3F22-08DB008453BF","False","2023-01-31 20:53:56.250953","0001-01-01 00:00:00",""
"540AC82F-D675-4730-942C-08DB03AC038D","True","AB995316-AC5B-4F93-3F22-08DB008453BF","False","2023-01-31 21:18:29.343296","0001-01-01 00:00:00",""
"C20C648A-44A5-4FA3-9433-08DB03AC038D","True","D401284E-B5D9-4C6D-9FA7-08DAF288810D","False","2023-01-31 21:27:07.584969","0001-01-01 00:00:00",""
"B190EA3D-66F9-46F8-9447-08DB03AC038D","True","D401284E-B5D9-4C6D-9FA7-08DAF288810D","False","2023-01-31 21:42:32.236222","0001-01-01 00:00:00",""
"B8A31A94-038D-498E-0919-08DB03D4C484","True","E04BD2D2-1A48-4EFE-8184-08DAFF1D643C","False","2023-01-31 22:27:39.184459","0001-01-01 00:00:00",""
"CFE2C347-17F3-4162-09B3-08DB03D4C484","True","D401284E-B5D9-4C6D-9FA7-08DAF288810D","False","2023-02-01 00:07:32.101356","0001-01-01 00:00:00",""
"40210EA5-8C39-42DE-BCC0-08DB0466361D","True","D401284E-B5D9-4C6D-9FA7-08DAF288810D","False","2023-02-01 17:04:45.067174","0001-01-01 00:00:00",""
"AF9B6DCD-E0F8-4075-1A71-08DB048FBE99","True","AB995316-AC5B-4F93-3F22-08DB008453BF","False","2023-02-01 20:15:38.264756","0001-01-01 00:00:00",""
"004639E4-49B7-4776-B5B9-08DB05374814","True","D401284E-B5D9-4C6D-9FA7-08DAF288810D","False","2023-02-02 18:59:33.467280","0001-01-01 00:00:00",""
"F3811FA9-5C3F-4277-81D4-08DB056CD832","True","D401284E-B5D9-4C6D-9FA7-08DAF288810D","False","2023-02-02 22:32:44.705915","0001-01-01 00:00:00",""
"D7684EFB-062E-4462-AB86-08DB05FAD84C","True","AB995316-AC5B-4F93-3F22-08DB008453BF","False","2023-02-03 16:16:42.319693","0001-01-01 00:00:00",""
"3CC0132F-B3A0-44CF-91CD-08DB0607C823","True","AB995316-AC5B-4F93-3F22-08DB008453BF","False","2023-02-03 17:36:25.193112","0001-01-01 00:00:00",""
"BB85B6AC-0E15-4C6C-91D7-08DB0607C823","True","D401284E-B5D9-4C6D-9FA7-08DAF288810D","False","2023-02-03 17:40:08.031217","0001-01-01 00:00:00",""
"A9731140-334A-4BE1-E052-08DB060F62F1","True","AB995316-AC5B-4F93-3F22-08DB008453BF","False","2023-02-03 17:56:44.842124","0001-01-01 00:00:00",""
"294FF4BE-1AA8-4FBC-C716-08DB062C4D21","True","AB995316-AC5B-4F93-3F22-08DB008453BF","False","2023-02-03 21:32:51.390578","0001-01-01 00:00:00",""
"5E56932D-08B9-461B-C752-08DB062C4D21","True","AB995316-AC5B-4F93-3F22-08DB008453BF","False","2023-02-03 21:54:03.049326","0001-01-01 00:00:00",""
"AE57E75E-E7B5-4F4E-B781-08DB0636D4FB","True","E04BD2D2-1A48-4EFE-8184-08DAFF1D643C","False","2023-02-04 00:19:22.480226","0001-01-01 00:00:00",""
"36EE44F1-7D90-4426-B782-08DB0636D4FB","False","C73CFED1-5618-45BA-8186-08DAFF1D643C","True","2023-02-04 00:20:02.036085","0001-01-01 00:00:00",""
"4A6CF9EE-C516-4A95-B788-08DB0636D4FB","True","DA6AC379-A8D7-4507-8182-08DAFF1D643C","False","2023-02-04 00:29:59.440222","0001-01-01 00:00:00",""
"8F8D987D-5A88-4079-A5DB-08DB0647D1BB","True","DA6AC379-A8D7-4507-8182-08DAFF1D643C","False","2023-02-04 00:45:52.692171","0001-01-01 00:00:00",""
"119ADDE2-7123-4C62-A5DC-08DB0647D1BB","True","AB995316-AC5B-4F93-3F22-08DB008453BF","False","2023-02-04 00:45:54.963767","0001-01-01 00:00:00",""
"B14D9079-32CB-425F-A627-08DB0647D1BB","True","DA6AC379-A8D7-4507-8182-08DAFF1D643C","False","2023-02-04 14:12:31.324482","0001-01-01 00:00:00",""
"0877E847-17DD-4C0A-A6A2-08DB0647D1BB","False","C73CFED1-5618-45BA-8186-08DAFF1D643C","True","2023-02-05 23:38:33.034224","0001-01-01 00:00:00",""
"D8EDE676-F025-4F37-A74B-08DB0647D1BB","True","AB995316-AC5B-4F93-3F22-08DB008453BF","False","2023-02-06 14:17:03.706652","0001-01-01 00:00:00",""
"BE1A041D-216A-492B-3907-08DB0857C3E0","True","E04BD2D2-1A48-4EFE-8184-08DAFF1D643C","False","2023-02-06 15:38:02.488903","0001-01-01 00:00:00",""
"5C605740-480A-4ADB-399F-08DB0857C3E0","True","D401284E-B5D9-4C6D-9FA7-08DAF288810D","False","2023-02-06 17:07:01.225513","0001-01-01 00:00:00",""
"9BEE079B-0DE4-4235-39AB-08DB0857C3E0","True","A753707C-58AB-43A4-D85E-08DAF8A9D2B6","False","2023-02-06 17:13:49.471226","0001-01-01 00:00:00",""
"166E63D2-FA3B-4EE6-39E6-08DB0857C3E0","True","DA6AC379-A8D7-4507-8182-08DAFF1D643C","False","2023-02-06 17:51:19.179327","0001-01-01 00:00:00",""
"9B246FD5-CD0B-49B7-3A09-08DB0857C3E0","True","DA6AC379-A8D7-4507-8182-08DAFF1D643C","False","2023-02-06 18:19:05.919938","0001-01-01 00:00:00",""
"CE3165B6-600A-4629-3A20-08DB0857C3E0","True","D401284E-B5D9-4C6D-9FA7-08DAF288810D","False","2023-02-06 18:30:50.076221","0001-01-01 00:00:00",""
"0EF226ED-F34E-4BCF-3A2C-08DB0857C3E0","True","4DE2FC93-0AFA-4B7F-3227-08DB08708FC4","False","2023-02-06 18:45:06.392646","0001-01-01 00:00:00",""
"163A8529-A65F-46A4-8B7D-08DB087993F0","True","D401284E-B5D9-4C6D-9FA7-08DAF288810D","False","2023-02-06 20:27:35.211113","0001-01-01 00:00:00",""
"756EB248-DE9A-4851-8B8D-08DB087993F0","True","D401284E-B5D9-4C6D-9FA7-08DAF288810D","False","2023-02-06 20:45:43.853839","0001-01-01 00:00:00",""
"6FB3F4BA-C5B9-480A-8BEC-08DB087993F0","True","D401284E-B5D9-4C6D-9FA7-08DAF288810D","False","2023-02-06 22:25:02.554331","0001-01-01 00:00:00",""
"030FDF69-D06B-4A99-8BED-08DB087993F0","True","D401284E-B5D9-4C6D-9FA7-08DAF288810D","False","2023-02-06 22:25:02.703342","0001-01-01 00:00:00",""
"CBCA814F-3239-4B7E-8C4E-08DB087993F0","True","6C52524A-A942-4393-3226-08DB08708FC4","False","2023-02-06 23:22:56.910980","0001-01-01 00:00:00",""
"101D8B5A-C9C3-48A5-8C5E-08DB087993F0","True","D401284E-B5D9-4C6D-9FA7-08DAF288810D","False","2023-02-06 23:32:12.632412","0001-01-01 00:00:00",""
"6757E312-6648-4182-CDAC-08DB092D36AD","True","6C52524A-A942-4393-3226-08DB08708FC4","False","2023-02-07 22:20:00.201465","0001-01-01 00:00:00",""
"3343A093-59A5-4573-D17A-08DB09867CD6","True","AB995316-AC5B-4F93-3F22-08DB008453BF","False","2023-02-08 14:20:42.663064","0001-01-01 00:00:00",""
"8E4CDF0D-287E-43FA-E8DB-08DB09E8A432","True","AB995316-AC5B-4F93-3F22-08DB008453BF","False","2023-02-08 15:32:46.465846","0001-01-01 00:00:00",""
"5CABAB50-8750-4C29-E8FD-08DB09E8A432","True","AB995316-AC5B-4F93-3F22-08DB008453BF","False","2023-02-08 16:10:15.333598","0001-01-01 00:00:00",""
"535C895F-3C04-4399-E938-08DB09E8A432","True","6C52524A-A942-4393-3226-08DB08708FC4","False","2023-02-08 17:07:17.726037","0001-01-01 00:00:00",""
"0BE73D57-E86E-4FA9-E95F-08DB09E8A432","True","D401284E-B5D9-4C6D-9FA7-08DAF288810D","False","2023-02-08 17:51:34.234201","0001-01-01 00:00:00",""
"857CB5F8-2286-4BEF-E967-08DB09E8A432","True","AB995316-AC5B-4F93-3F22-08DB008453BF","False","2023-02-08 17:56:16.327995","0001-01-01 00:00:00",""
"4E439C60-9F6D-4640-1A0D-08DB0A7E02C3","True","AB995316-AC5B-4F93-3F22-08DB008453BF","False","2023-02-09 17:27:05.246772","0001-01-01 00:00:00",""
"BB64205A-14AC-4E29-45B6-08DB0AD030DF","True","AB995316-AC5B-4F93-3F22-08DB008453BF","False","2023-02-09 20:28:55.148712","0001-01-01 00:00:00",""
"EC24DF79-A301-4852-462D-08DB0AD030DF","True","E04BD2D2-1A48-4EFE-8184-08DAFF1D643C","False","2023-02-09 22:28:50.599463","0001-01-01 00:00:00",""
"1CC02493-C78C-416B-D094-08DB0DB84852","True","AB995316-AC5B-4F93-3F22-08DB008453BF","False","2023-02-13 16:27:29.858325","0001-01-01 00:00:00",""
"C196EE53-F9E5-4E19-D0AB-08DB0DB84852","True","AB995316-AC5B-4F93-3F22-08DB008453BF","False","2023-02-13 16:42:43.384345","0001-01-01 00:00:00",""
"DE5888E2-2ADA-43E0-D0C4-08DB0DB84852","True","AB995316-AC5B-4F93-3F22-08DB008453BF","False","2023-02-13 17:00:49.958391","0001-01-01 00:00:00",""
"38CF8ABF-F84D-44C2-D0E7-08DB0DB84852","True","AB995316-AC5B-4F93-3F22-08DB008453BF","False","2023-02-13 17:21:31.854606","0001-01-01 00:00:00",""
"9E94E377-566F-478B-42FA-08DB0DEBA42F","True","AB995316-AC5B-4F93-3F22-08DB008453BF","False","2023-02-13 19:57:34.763336","0001-01-01 00:00:00",""
"55A20972-2193-4F61-93E6-08DB0E97EA77","True","E04BD2D2-1A48-4EFE-8184-08DAFF1D643C","False","2023-02-14 17:02:27.877301","0001-01-01 00:00:00",""
"F971BA81-2F9F-4211-944A-08DB0E97EA77","True","AB995316-AC5B-4F93-3F22-08DB008453BF","False","2023-02-14 18:48:16.589986","0001-01-01 00:00:00",""
"23A5385C-9A1D-4FB7-3694-08DB0EC9A5BE","True","AB995316-AC5B-4F93-3F22-08DB008453BF","False","2023-02-14 22:01:13.507315","0001-01-01 00:00:00",""
"082CC628-7947-42D2-9951-08DB0F3B725C","True","A753707C-58AB-43A4-D85E-08DAF8A9D2B6","False","2023-02-15 14:02:30.651740","0001-01-01 00:00:00",""
"646245BA-56AD-47CB-CDA5-08DB1061D077","False","C73CFED1-5618-45BA-8186-08DAFF1D643C","True","2023-02-16 21:19:33.092443","0001-01-01 00:00:00",""
"DDA217A0-0B1F-4DEB-CDBB-08DB1061D077","False","C73CFED1-5618-45BA-8186-08DAFF1D643C","True","2023-02-16 21:35:03.770071","0001-01-01 00:00:00",""
"81149826-05C3-41A3-CDD3-08DB1061D077","True","AB995316-AC5B-4F93-3F22-08DB008453BF","False","2023-02-16 21:58:57.109143","0001-01-01 00:00:00",""
"0B199A7D-2CD3-4789-CDEB-08DB1061D077","True","E04BD2D2-1A48-4EFE-8184-08DAFF1D643C","False","2023-02-16 22:15:55.751509","0001-01-01 00:00:00",""
"655EA024-518F-4E7F-F84C-08DB10CBBFE1","True","AB995316-AC5B-4F93-3F22-08DB008453BF","False","2023-02-17 15:07:51.342149","0001-01-01 00:00:00",""
"30EAD7B3-046B-4C06-B580-08DB10F9350F","True","AB995316-AC5B-4F93-3F22-08DB008453BF","False","2023-02-17 16:01:32.003269","0001-01-01 00:00:00",""
"C28EFF94-178C-4470-D337-08DB1122D130","True","E04BD2D2-1A48-4EFE-8184-08DAFF1D643C","False","2023-02-17 21:03:35.705764","0001-01-01 00:00:00",""
"342B4D56-9EF8-473B-3608-08DB112B54EB","True","E04BD2D2-1A48-4EFE-8184-08DAFF1D643C","False","2023-02-17 21:52:18.752359","0001-01-01 00:00:00",""
"2F99B528-ADE7-4D88-8B8E-08DB1132B467","True","AB995316-AC5B-4F93-3F22-08DB008453BF","False","2023-02-17 22:44:34.773530","0001-01-01 00:00:00",""
"ADA6C5EF-FF3D-44CA-EF23-08DB11472716","True","E04BD2D2-1A48-4EFE-8184-08DAFF1D643C","False","2023-02-18 00:43:37.943055","0001-01-01 00:00:00",""
"6DD3C3F6-7760-41E8-EF24-08DB11472716","False","C73CFED1-5618-45BA-8186-08DAFF1D643C","True","2023-02-18 00:43:47.934802","0001-01-01 00:00:00",""
"A3ED9349-00D7-4701-EFDB-08DB11472716","True","DA6AC379-A8D7-4507-8182-08DAFF1D643C","False","2023-02-19 22:25:51.062584","0001-01-01 00:00:00",""
"FE46B810-FCD1-4360-EFDD-08DB11472716","True","DA6AC379-A8D7-4507-8182-08DAFF1D643C","False","2023-02-19 22:41:53.735555","0001-01-01 00:00:00",""
"EBC153AA-8578-40A7-EFE9-08DB11472716","True","A753707C-58AB-43A4-D85E-08DAF8A9D2B6","False","2023-02-19 23:34:19.416955","0001-01-01 00:00:00",""
"31869EE7-E318-400F-C6F0-08DB1355754B","True","AB995316-AC5B-4F93-3F22-08DB008453BF","False","2023-02-20 15:26:26.107491","0001-01-01 00:00:00",""
"1D4B13BC-6238-4276-C7E9-08DB1355754B","True","DA6AC379-A8D7-4507-8182-08DAFF1D643C","False","2023-02-20 18:45:44.786974","0001-01-01 00:00:00",""
"43204083-622D-4452-C75D-08DB13E7B524","True","AB995316-AC5B-4F93-3F22-08DB008453BF","False","2023-02-21 16:44:48.382366","0001-01-01 00:00:00",""
"02C269F5-BC5D-41D6-C7A5-08DB13E7B524","True","AB995316-AC5B-4F93-3F22-08DB008453BF","False","2023-02-21 17:42:36.727608","0001-01-01 00:00:00",""
"36EF4A5B-791C-4D07-BAFC-08DB1497FC16","True","D401284E-B5D9-4C6D-9FA7-08DAF288810D","False","2023-02-22 10:22:14.304314","2023-02-22 10:23:08.606533",""
"E6F26EFA-DEAD-4410-BC44-08DB1497FC16","True","AB995316-AC5B-4F93-3F22-08DB008453BF","False","2023-02-22 18:21:31.248541","0001-01-01 00:00:00",""
"B3CBC08C-F0BA-4B8E-E385-08DB1581DFA5","True","D401284E-B5D9-4C6D-9FA7-08DAF288810D","False","2023-02-23 17:47:47.718011","2023-02-23 18:57:51.685850",""
"98AA6FEB-5F3C-4659-E387-08DB1581DFA5","True","AB995316-AC5B-4F93-3F22-08DB008453BF","False","2023-02-23 17:48:17.411200","0001-01-01 00:00:00",""
"3D6EEBAB-B951-481A-E396-08DB1581DFA5","True","487F4A47-9CCF-42BB-D85B-08DAF8A9D2B6","False","2023-02-23 17:55:07.004205","0001-01-01 00:00:00",""
"6B71A0DB-712E-49CD-E3E8-08DB1581DFA5","False","D401284E-B5D9-4C6D-9FA7-08DAF288810D","True","2023-02-23 18:57:30.292315","0001-01-01 00:00:00",""
"8582E790-451C-4A72-E3F3-08DB1581DFA5","False","D401284E-B5D9-4C6D-9FA7-08DAF288810D","True","2023-02-23 19:05:33.048357","0001-01-01 00:00:00",""
"0BF000B6-7CB3-49C4-E41C-08DB1581DFA5","True","E04BD2D2-1A48-4EFE-8184-08DAFF1D643C","False","2023-02-23 19:48:49.568874","0001-01-01 00:00:00",""
"CB8A0B43-9CF6-47E4-E42B-08DB1581DFA5","True","E04BD2D2-1A48-4EFE-8184-08DAFF1D643C","False","2023-02-23 20:07:51.483785","0001-01-01 00:00:00",""
"F18BDA6E-2CCE-4000-E441-08DB1581DFA5","True","E04BD2D2-1A48-4EFE-8184-08DAFF1D643C","False","2023-02-23 20:25:39.344454","0001-01-01 00:00:00",""
"796EF644-3DD0-4FF9-E455-08DB1581DFA5","True","E04BD2D2-1A48-4EFE-8184-08DAFF1D643C","False","2023-02-23 20:45:48.210714","0001-01-01 00:00:00",""
"99EDC811-1F38-4A53-E46D-08DB1581DFA5","False","D401284E-B5D9-4C6D-9FA7-08DAF288810D","True","2023-02-23 21:02:29.019170","0001-01-01 00:00:00",""
"F1F83C27-EE43-4EC5-E476-08DB1581DFA5","True","AB995316-AC5B-4F93-3F22-08DB008453BF","False","2023-02-23 21:05:36.331111","0001-01-01 00:00:00",""
"1DDF3C79-0559-4423-842E-08DB15E1F9FB","False","D401284E-B5D9-4C6D-9FA7-08DAF288810D","True","2023-02-23 21:36:49.344271","0001-01-01 00:00:00",""
"02570094-253F-4E5D-84B6-08DB15E1F9FB","True","D401284E-B5D9-4C6D-9FA7-08DAF288810D","False","2023-02-23 23:02:47.612144","2023-02-24 00:24:52.394640",""
"6C7ADDD3-0AEE-4A5D-3E4F-08DB15FD05FA","False","D401284E-B5D9-4C6D-9FA7-08DAF288810D","True","2023-02-24 00:23:53.962859","0001-01-01 00:00:00",""
"B2C3092D-6B4C-4D20-3F01-08DB15FD05FA","False","D401284E-B5D9-4C6D-9FA7-08DAF288810D","True","2023-02-24 08:47:24.205006","0001-01-01 00:00:00",""
"FAFFF788-5A57-415E-3F05-08DB15FD05FA","False","D401284E-B5D9-4C6D-9FA7-08DAF288810D","True","2023-02-24 09:08:09.893929","0001-01-01 00:00:00",""
"AAABF08E-BC27-4EBA-9A99-08DB1644AB22","False","D401284E-B5D9-4C6D-9FA7-08DAF288810D","True","2023-02-24 14:38:58.777237","0001-01-01 00:00:00",""
"C26F8433-36D7-4C67-9A9A-08DB1644AB22","False","D401284E-B5D9-4C6D-9FA7-08DAF288810D","True","2023-02-24 14:39:33.912385","0001-01-01 00:00:00",""
"B7A0DF27-B740-4757-FEAB-08DB164979F0","True","487F4A47-9CCF-42BB-D85B-08DAF8A9D2B6","False","2023-02-24 16:47:17.754115","0001-01-01 00:00:00",""
"362FC8FB-F738-418E-FEB2-08DB164979F0","False","D401284E-B5D9-4C6D-9FA7-08DAF288810D","True","2023-02-24 16:52:48.853770","0001-01-01 00:00:00",""
"9D2C63CB-2105-4D50-FF5E-08DB164979F0","False","D401284E-B5D9-4C6D-9FA7-08DAF288810D","True","2023-02-24 18:57:00.777066","0001-01-01 00:00:00",""
"C093FDC8-451A-483B-1B29-08DB169BACFF","True","AB995316-AC5B-4F93-3F22-08DB008453BF","False","2023-02-24 20:02:07.469927","0001-01-01 00:00:00",""
"EA945531-A154-49DB-1B2C-08DB169BACFF","True","AB995316-AC5B-4F93-3F22-08DB008453BF","False","2023-02-24 20:04:25.498490","0001-01-01 00:00:00",""
"286A7475-EA43-4021-8566-08DB16B35B70","False","65D8196F-526E-40B2-B8B7-08DB15FCEE0F","True","2023-02-24 22:09:33.472079","0001-01-01 00:00:00",""
"D5589A04-954B-42A5-619D-08DB16C7C539","True","AB995316-AC5B-4F93-3F22-08DB008453BF","False","2023-02-26 20:54:43.632322","0001-01-01 00:00:00",""
"E505E1CC-E8E1-4966-624C-08DB16C7C539","True","AB995316-AC5B-4F93-3F22-08DB008453BF","False","2023-02-27 13:30:29.053340","0001-01-01 00:00:00",""
"8E25525C-D668-4E6B-697C-08DB18D47503","True","E04BD2D2-1A48-4EFE-8184-08DAFF1D643C","False","2023-02-27 18:51:36.007347","0001-01-01 00:00:00",""
"C38BEBE2-CCAE-4C0C-74C0-08DB190A572F","True","E04BD2D2-1A48-4EFE-8184-08DAFF1D643C","False","2023-02-27 21:56:34.636413","0001-01-01 00:00:00",""
"76754C95-2F92-4EB0-751B-08DB190A572F","True","E04BD2D2-1A48-4EFE-8184-08DAFF1D643C","False","2023-02-27 23:03:57.034286","0001-01-01 00:00:00",""
"A90C8A79-0ABF-4FEA-E2CC-08DB19D41EF6","True","E04BD2D2-1A48-4EFE-8184-08DAFF1D643C","False","2023-03-01 00:08:57.466343","0001-01-01 00:00:00",""
"670FAD69-C3D8-46C7-1394-08DB1A6E661C","True","E04BD2D2-1A48-4EFE-8184-08DAFF1D643C","False","2023-03-01 18:56:42.391999","0001-01-01 00:00:00",""
"4C6CB06F-07E8-4DDA-F025-08DB1A959078","False","D401284E-B5D9-4C6D-9FA7-08DAF288810D","True","2023-03-01 23:17:27.359688","0001-01-01 00:00:00",""
"B0FCFB5A-CFFB-40BA-F027-08DB1A959078","True","487F4A47-9CCF-42BB-D85B-08DAF8A9D2B6","False","2023-03-01 23:17:46.768895","0001-01-01 00:00:00",""
"BEB0AE63-A0E3-47E0-F080-08DB1A959078","True","E04BD2D2-1A48-4EFE-8184-08DAFF1D643C","False","2023-03-02 00:25:31.002370","0001-01-01 00:00:00",""
"DB1EEF8F-60E1-4785-13FF-08DB1AB58CF8","True","E04BD2D2-1A48-4EFE-8184-08DAFF1D643C","False","2023-03-02 00:40:46.001484","0001-01-01 00:00:00",""
"A48809EB-57DD-4A6C-D383-08DB1AE91CAF","True","AB995316-AC5B-4F93-3F22-08DB008453BF","False","2023-03-02 12:26:27.741048","0001-01-01 00:00:00",""
"F1B22141-D527-4D41-1E57-08DB1B4D3D28","False","D401284E-B5D9-4C6D-9FA7-08DAF288810D","True","2023-03-02 20:11:27.563436","0001-01-01 00:00:00",""
"6E80174A-0FE4-48C1-1E80-08DB1B4D3D28","True","E04BD2D2-1A48-4EFE-8184-08DAFF1D643C","False","2023-03-02 20:45:46.707862","0001-01-01 00:00:00",""
"D0881959-8576-4CFC-1E95-08DB1B4D3D28","True","E04BD2D2-1A48-4EFE-8184-08DAFF1D643C","False","2023-03-02 21:04:30.487280","0001-01-01 00:00:00",""
"B2D8F1E5-84EC-4461-1EAD-08DB1B4D3D28","True","E04BD2D2-1A48-4EFE-8184-08DAFF1D643C","False","2023-03-02 21:26:17.409067","0001-01-01 00:00:00",""
"37C81523-425A-4A80-77A7-08DB1BD07BBC","False","D401284E-B5D9-4C6D-9FA7-08DAF288810D","True","2023-03-03 11:03:23.266641","0001-01-01 00:00:00",""
"669ACF8A-566A-4D7B-77FB-08DB1BD07BBC","True","AB995316-AC5B-4F93-3F22-08DB008453BF","False","2023-03-03 13:34:37.983767","0001-01-01 00:00:00",""
"B95855AF-9AB8-49AC-E341-08DB1C0EC92B","True","487F4A47-9CCF-42BB-D85B-08DAF8A9D2B6","False","2023-03-03 18:02:23.897322","0001-01-01 00:00:00",""
"92AC6B97-ACC4-493B-E344-08DB1C0EC92B","False","D401284E-B5D9-4C6D-9FA7-08DAF288810D","True","2023-03-03 18:04:06.737630","0001-01-01 00:00:00",""
"F6B30FE7-F438-4DF9-E346-08DB1C0EC92B","False","C6992E31-6EE2-482C-D85D-08DAF8A9D2B6","True","2023-03-03 18:08:12.561630","0001-01-01 00:00:00",""
"0887FE2A-B093-4D5A-1F15-08DB1C2DCCDC","True","DA6AC379-A8D7-4507-8182-08DAFF1D643C","False","2023-03-03 21:31:51.302854","0001-01-01 00:00:00",""
"BDBDB883-F50C-49D5-E66D-08DB1C439EDE","False","C73CFED1-5618-45BA-8186-08DAFF1D643C","True","2023-03-04 00:18:32.887664","0001-01-01 00:00:00",""
"01C1117A-09D0-4673-E671-08DB1C439EDE","True","AB995316-AC5B-4F93-3F22-08DB008453BF","False","2023-03-04 00:29:43.915263","0001-01-01 00:00:00",""
"C77A4B20-5324-432F-E6BF-08DB1C439EDE","True","DA6AC379-A8D7-4507-8182-08DAFF1D643C","False","2023-03-05 21:23:11.099557","0001-01-01 00:00:00",""
"BA8F35B7-FE8F-4520-E72F-08DB1C439EDE","False","4DE2FC93-0AFA-4B7F-3227-08DB08708FC4","True","2023-03-06 15:44:26.718482","0001-01-01 00:00:00",""
"4CDE7311-099D-4AAF-3E21-08DB1E8FA219","True","E04BD2D2-1A48-4EFE-8184-08DAFF1D643C","False","2023-03-07 00:15:07.416095","0001-01-01 00:00:00",""
"B1C9D207-24F2-49F0-AAD1-08DB1EB9BDF9","True","AB995316-AC5B-4F93-3F22-08DB008453BF","False","2023-03-07 15:52:53.352471","0001-01-01 00:00:00",""
"02833D87-8BFE-4410-AAD2-08DB1EB9BDF9","True","AB995316-AC5B-4F93-3F22-08DB008453BF","False","2023-03-07 15:52:53.593383","0001-01-01 00:00:00",""
"F23DC6F0-A84B-448C-98B2-08DB1F302603","True","6C52524A-A942-4393-3226-08DB08708FC4","False","2023-03-07 19:59:58.376558","0001-01-01 00:00:00",""
"255BA0D2-CDF1-40AA-210B-08DB1F7744B6","False","4DE2FC93-0AFA-4B7F-3227-08DB08708FC4","True","2023-03-08 15:51:55.622435","0001-01-01 00:00:00",""
"C05ECEA1-B80E-4A9E-210C-08DB1F7744B6","True","AB995316-AC5B-4F93-3F22-08DB008453BF","False","2023-03-08 15:53:13.847724","0001-01-01 00:00:00",""
"3F1548A4-F98B-40D8-86C3-08DB1FFF3303","False","C6992E31-6EE2-482C-D85D-08DAF8A9D2B6","True","2023-03-08 19:00:54.349957","0001-01-01 00:00:00",""
"4E79A668-34B8-4740-86C7-08DB1FFF3303","False","AEAC3BF4-3962-4BC0-A860-08DB200229FA","True","2023-03-08 19:07:04.597722","0001-01-01 00:00:00",""
"1DC4AD25-8B1D-46E7-86E2-08DB1FFF3303","True","56405CB0-F063-4086-1407-08DB1E5A891C","False","2023-03-08 20:10:33.819871","2023-03-09 15:19:12.374878",""
"A5DCA1D5-2AA7-4FE5-86E4-08DB1FFF3303","False","56405CB0-F063-4086-1407-08DB1E5A891C","True","2023-03-08 20:22:18.698317","0001-01-01 00:00:00",""
"FBAF46A6-A191-4DD4-1425-08DB2060C322","False","56405CB0-F063-4086-1407-08DB1E5A891C","True","2023-03-09 15:19:23.661353","0001-01-01 00:00:00",""
"E523701B-C78E-4A7E-143F-08DB2060C322","True","AB995316-AC5B-4F93-3F22-08DB008453BF","False","2023-03-09 16:43:26.469085","0001-01-01 00:00:00",""
"D1CB2AF0-6544-4243-3A31-08DB20C8EF0F","True","E04BD2D2-1A48-4EFE-8184-08DAFF1D643C","False","2023-03-09 20:15:39.675341","0001-01-01 00:00:00",""
"0EBEB03C-A15B-4DBB-3A37-08DB20C8EF0F","False","C6992E31-6EE2-482C-D85D-08DAF8A9D2B6","True","2023-03-09 20:30:35.934246","0001-01-01 00:00:00",""
"7B1E0587-7FA3-4345-9087-08DB20F44EFF","False","84C0E27D-FADC-450A-9793-08DB1065CEA5","True","2023-03-09 23:46:46.107601","0001-01-01 00:00:00",""
"8BDBA67B-4C94-47E6-504A-08DB215F8194","False","56405CB0-F063-4086-1407-08DB1E5A891C","True","2023-03-10 17:22:13.187759","0001-01-01 00:00:00",""
"ED7E1BE9-AC8A-4A69-5050-08DB215F8194","True","AB995316-AC5B-4F93-3F22-08DB008453BF","False","2023-03-10 17:28:53.113100","0001-01-01 00:00:00",""
"EA03F27C-C853-493C-A68D-08DB21B30350","False","C6992E31-6EE2-482C-D85D-08DAF8A9D2B6","True","2023-03-10 22:04:23.342777","0001-01-01 00:00:00",""
"11A5096F-36C8-423D-A6E5-08DB23C840BE","True","AB995316-AC5B-4F93-3F22-08DB008453BF","False","2023-03-13 15:31:52.754524","0001-01-01 00:00:00",""
"F848DED8-458D-43D5-A6EA-08DB23C840BE","False","56405CB0-F063-4086-1407-08DB1E5A891C","True","2023-03-13 15:41:28.116026","0001-01-01 00:00:00",""
"BE7DE8AE-61E3-4EAA-A711-08DB23C840BE","False","C6992E31-6EE2-482C-D85D-08DAF8A9D2B6","True","2023-03-13 16:23:58.764281","0001-01-01 00:00:00",""
"01E76DC6-8FDE-46D8-0050-08DB24C3941F","True","AB995316-AC5B-4F93-3F22-08DB008453BF","False","2023-03-14 20:01:03.192912","0001-01-01 00:00:00",""
"DDA97C23-425A-4D60-006F-08DB24C3941F","False","C6992E31-6EE2-482C-D85D-08DAF8A9D2B6","True","2023-03-14 21:22:19.331660","0001-01-01 00:00:00",""
"309A22D2-016C-47EF-FCBC-08DB24EA3867","False","56405CB0-F063-4086-1407-08DB1E5A891C","True","2023-03-15 06:42:07.037375","0001-01-01 00:00:00",""
"BF47161B-49B9-4A98-EAD9-08DB25793D93","True","AB995316-AC5B-4F93-3F22-08DB008453BF","False","2023-03-15 17:36:47.326176","0001-01-01 00:00:00",""
"DC19A394-D91E-45DA-EAFE-08DB25793D93","True","AB995316-AC5B-4F93-3F22-08DB008453BF","False","2023-03-15 20:02:16.881042","0001-01-01 00:00:00",""
"0D1D0ED4-81AE-41E5-EB14-08DB25793D93","False","4DE2FC93-0AFA-4B7F-3227-08DB08708FC4","True","2023-03-15 21:01:33.468277","0001-01-01 00:00:00",""
"758FB00A-3656-420B-3567-08DB25DC8240","False","56405CB0-F063-4086-1407-08DB1E5A891C","True","2023-03-16 14:02:52.730491","0001-01-01 00:00:00",""
"77971FA5-7AA1-4E19-224D-08DB265A4284","False","C6992E31-6EE2-482C-D85D-08DAF8A9D2B6","True","2023-03-16 21:37:29.434100","0001-01-01 00:00:00",""
"85AC169E-F1D1-4715-A4BF-08DB26F96427","True","AB995316-AC5B-4F93-3F22-08DB008453BF","False","2023-03-17 16:49:49.858049","0001-01-01 00:00:00",""
"7FE76491-6213-4D85-EDF9-08DB271BED2B","False","56405CB0-F063-4086-1407-08DB1E5A891C","True","2023-03-17 19:46:28.385015","0001-01-01 00:00:00",""
"6CD2CB37-F896-4E4A-B8FE-08DB27378FFC","False","F4A5AF47-4C44-415C-8189-08DAFF1D643C","True","2023-03-17 22:54:33.489447","0001-01-01 00:00:00",""
"00868672-7B7C-49BB-B90F-08DB27378FFC","True","E04BD2D2-1A48-4EFE-8184-08DAFF1D643C","False","2023-03-17 23:20:04.247141","0001-01-01 00:00:00",""
"82560620-7D3D-4EB7-B910-08DB27378FFC","True","AB995316-AC5B-4F93-3F22-08DB008453BF","False","2023-03-17 23:22:55.142087","0001-01-01 00:00:00",""
"50D05275-C242-43B4-1381-08DB28DFF954","False","F4A5AF47-4C44-415C-8189-08DAFF1D643C","True","2023-03-20 14:05:03.054612","0001-01-01 00:00:00",""
"11D8D9A9-9219-4B07-1388-08DB28DFF954","False","56405CB0-F063-4086-1407-08DB1E5A891C","True","2023-03-20 14:10:37.675820","0001-01-01 00:00:00",""
"7071C4F9-1C03-4533-139A-08DB28DFF954","True","AB995316-AC5B-4F93-3F22-08DB008453BF","False","2023-03-20 14:42:31.326003","0001-01-01 00:00:00",""
"37056096-8270-4F50-1408-08DB28DFF954","True","DA6AC379-A8D7-4507-8182-08DAFF1D643C","False","2023-03-20 17:29:53.686368","0001-01-01 00:00:00",""
"21DF03B5-869B-4D36-140C-08DB28DFF954","True","E04BD2D2-1A48-4EFE-8184-08DAFF1D643C","False","2023-03-20 17:48:15.713647","0001-01-01 00:00:00",""
"02436D1C-6686-4A45-A191-08DB297DA9CE","False","C6992E31-6EE2-482C-D85D-08DAF8A9D2B6","True","2023-03-20 21:55:29.369862","0001-01-01 00:00:00",""
"9D9A2899-2E5D-4B96-437C-08DB2A26EB50","True","AB995316-AC5B-4F93-3F22-08DB008453BF","False","2023-03-21 16:20:10.767493","2023-03-22 16:16:17.352085",""
"B2BD91C3-EB25-4335-D179-08DB2AF7DA3A","False","AB995316-AC5B-4F93-3F22-08DB008453BF","True","2023-03-22 19:27:49.172126","0001-01-01 00:00:00",""
"3D2B5EFA-5AD4-4C1C-1887-08DB2BD039B2","False","65D8196F-526E-40B2-B8B7-08DB15FCEE0F","True","2023-03-23 22:02:26.148671","0001-01-01 00:00:00",""
"6F7FC362-79DC-49EB-189C-08DB2BD039B2","False","C73CFED1-5618-45BA-8186-08DAFF1D643C","True","2023-03-23 22:30:30.679396","0001-01-01 00:00:00",""
"95B54531-E12F-408A-8357-08DB2C6362C0","False","AB995316-AC5B-4F93-3F22-08DB008453BF","True","2023-03-24 15:02:59.247782","0001-01-01 00:00:00",""
"446E8D8B-84A4-472D-AA13-08DB2EBC5A74","False","56405CB0-F063-4086-1407-08DB1E5A891C","True","2023-03-27 14:10:10.071334","0001-01-01 00:00:00",""
"2096ED4C-B251-415E-AA7E-08DB2EBC5A74","False","C73CFED1-5618-45BA-8186-08DAFF1D643C","True","2023-03-27 17:27:10.366500","0001-01-01 00:00:00",""
"B9F3C2A3-C58E-4905-AAA0-08DB2EBC5A74","False","AB995316-AC5B-4F93-3F22-08DB008453BF","True","2023-03-27 19:10:29.090970","0001-01-01 00:00:00",""
"6B3E677C-B185-451D-417A-08DB2F1B299C","True","E04BD2D2-1A48-4EFE-8184-08DAFF1D643C","False","2023-03-28 00:13:11.091338","0001-01-01 00:00:00",""
"3AA3D476-7CE5-491B-A06E-08DB2F97C794","False","56405CB0-F063-4086-1407-08DB1E5A891C","True","2023-03-28 15:39:53.047875","0001-01-01 00:00:00",""
"6B11758D-62F0-4376-3874-08DB2FC21828","False","AB995316-AC5B-4F93-3F22-08DB008453BF","True","2023-03-28 22:13:49.784052","0001-01-01 00:00:00",""
"40E07FCF-0015-4D86-8BDC-08DB309CAF8B","False","C73CFED1-5618-45BA-8186-08DAFF1D643C","True","2023-03-29 21:39:35.522511","0001-01-01 00:00:00",""
"15F16915-F729-42FA-4002-08DB3138E365","True","E04BD2D2-1A48-4EFE-8184-08DAFF1D643C","False","2023-03-30 17:33:44.638371","0001-01-01 00:00:00",""
"1F95B197-70C1-4099-A68C-08DB3156B23B","False","AB995316-AC5B-4F93-3F22-08DB008453BF","True","2023-03-30 20:23:11.977899","0001-01-01 00:00:00",""
"CC6512DA-BE50-4533-41DE-08DB32214CFA","True","E04BD2D2-1A48-4EFE-8184-08DAFF1D643C","False","2023-03-31 20:10:37.267192","0001-01-01 00:00:00",""
"D23A486B-E9D6-4B8B-41F0-08DB32214CFA","False","56405CB0-F063-4086-1407-08DB1E5A891C","True","2023-03-31 20:26:42.000817","0001-01-01 00:00:00",""
"5F906404-E3AD-4AD7-6FF6-08DB32277C21","False","AB995316-AC5B-4F93-3F22-08DB008453BF","True","2023-03-31 21:15:52.053303","0001-01-01 00:00:00",""
"F6B3292E-FC7D-4E9A-6FFB-08DB32277C21","False","AB995316-AC5B-4F93-3F22-08DB008453BF","True","2023-03-31 21:23:42.452674","0001-01-01 00:00:00",""
"9CF559AA-5E33-4556-F20D-08DB3230F306","False","C73CFED1-5618-45BA-8186-08DAFF1D643C","True","2023-03-31 23:07:27.577134","0001-01-01 00:00:00",""
"85F6EE58-B0EA-40F6-F212-08DB3230F306","False","AB995316-AC5B-4F93-3F22-08DB008453BF","True","2023-03-31 23:14:41.286371","0001-01-01 00:00:00",""
"787B4207-5178-4FB0-FC45-08DB32648694","False","487F4A47-9CCF-42BB-D85B-08DAF8A9D2B6","True","2023-04-01 04:15:07.949424","0001-01-01 00:00:00",""
"CFD20231-7F38-42CA-5F7E-08DB326BD5C1","False","AB995316-AC5B-4F93-3F22-08DB008453BF","True","2023-04-03 14:11:56.403307","0001-01-01 00:00:00",""
"E4E797D4-FD61-424C-20FC-08DB345A25F5","False","6C52524A-A942-4393-3226-08DB08708FC4","True","2023-04-03 16:21:18.508523","0001-01-01 00:00:00",""
"1E222537-2AED-4597-217D-08DB345A25F5","False","56405CB0-F063-4086-1407-08DB1E5A891C","True","2023-04-03 21:02:17.241294","0001-01-01 00:00:00",""
"17ACE48E-B6D5-4D8C-1391-08DB3487BF48","False","A753707C-58AB-43A4-D85E-08DAF8A9D2B6","True","2023-04-03 21:52:19.623439","0001-01-01 00:00:00",""
"0F21B3ED-CF07-4D8A-1394-08DB3487BF48","False","C6992E31-6EE2-482C-D85D-08DAF8A9D2B6","True","2023-04-03 21:59:11.030316","0001-01-01 00:00:00",""
"F39A38BD-24A6-4D54-D0F3-08DB353AB526","True","E04BD2D2-1A48-4EFE-8184-08DAFF1D643C","False","2023-04-04 19:19:31.097754","0001-01-01 00:00:00",""
"94BBBAD1-9B3D-4E26-D12F-08DB353AB526","True","DA6AC379-A8D7-4507-8182-08DAFF1D643C","False","2023-04-04 22:14:27.233432","0001-01-01 00:00:00",""
"6EB6989D-078C-4895-00D4-08DB35E82B97","False","AB995316-AC5B-4F93-3F22-08DB008453BF","True","2023-04-05 16:13:18.448189","0001-01-01 00:00:00",""
"D084B0B5-2532-445F-F100-08DB364EC6B8","False","56405CB0-F063-4086-1407-08DB1E5A891C","True","2023-04-06 15:52:00.991711","0001-01-01 00:00:00",""
"A5DB2F9A-A0FA-490B-3D3E-08DB36C1E4A5","True","E04BD2D2-1A48-4EFE-8184-08DAFF1D643C","False","2023-04-06 17:14:14.886684","0001-01-01 00:00:00",""
"1BC6F3BC-F887-4466-3D40-08DB36C1E4A5","False","C73CFED1-5618-45BA-8186-08DAFF1D643C","True","2023-04-06 17:20:25.939936","0001-01-01 00:00:00",""
"84E6C269-5379-49B6-3D82-08DB36C1E4A5","False","AB995316-AC5B-4F93-3F22-08DB008453BF","True","2023-04-06 20:18:40.391824","0001-01-01 00:00:00",""
"1822EFE5-516C-4D39-F788-08DB3913ED99","False","AB995316-AC5B-4F93-3F22-08DB008453BF","True","2023-04-10 13:47:02.571853","0001-01-01 00:00:00",""
"79EE7988-8C4D-419F-4E5A-08DB3ACB9DDD","False","AB995316-AC5B-4F93-3F22-08DB008453BF","True","2023-04-11 21:05:32.646109","0001-01-01 00:00:00",""
"93E8C659-E026-47A0-FFB7-08DB3B18A0C2","False","56405CB0-F063-4086-1407-08DB1E5A891C","True","2023-04-12 06:11:30.440068","0001-01-01 00:00:00",""
"913F4DBC-812E-43B0-20E3-08DB3B7AE927","False","AB995316-AC5B-4F93-3F22-08DB008453BF","True","2023-04-12 21:26:44.681245","0001-01-01 00:00:00",""
"99355EEB-C9B5-43DF-3B72-08DB3C2927B8","False","A753707C-58AB-43A4-D85E-08DAF8A9D2B6","True","2023-04-13 15:11:14.516375","0001-01-01 00:00:00",""
"711AC758-801D-4295-CCF7-08DB3CF821F6","False","AB995316-AC5B-4F93-3F22-08DB008453BF","True","2023-04-14 15:09:16.013405","0001-01-01 00:00:00",""
"0F7B14D1-2FBA-483A-AB78-08DB3D35BD2C","False","C73CFED1-5618-45BA-8186-08DAFF1D643C","True","2023-04-14 22:34:58.305779","0001-01-01 00:00:00",""
"61A83A2C-E6E4-43DD-AB93-08DB3D35BD2C","False","AB995316-AC5B-4F93-3F22-08DB008453BF","True","2023-04-14 23:40:44.294036","0001-01-01 00:00:00",""
"0058AFA0-B656-41E5-ABAF-08DB3D35BD2C","False","E04BD2D2-1A48-4EFE-8184-08DAFF1D643C","True","2023-04-15 00:44:05.525852","0001-01-01 00:00:00",""
"FAC3F8F2-BE1C-4DB6-3361-08DB3F1E3740","False","56405CB0-F063-4086-1407-08DB1E5A891C","True","2023-04-17 14:19:55.304015","0001-01-01 00:00:00",""
"47333637-BE71-4554-338D-08DB3F1E3740","False","AB995316-AC5B-4F93-3F22-08DB008453BF","True","2023-04-17 15:14:36.967621","0001-01-01 00:00:00",""
"3F25A018-0A49-45FC-33C8-08DB3F1E3740","False","4DE2FC93-0AFA-4B7F-3227-08DB08708FC4","True","2023-04-17 16:59:43.914077","0001-01-01 00:00:00",""
"3E8FBF2B-A3E2-4542-B0FF-08DB4028A9C6","False","AB995316-AC5B-4F93-3F22-08DB008453BF","True","2023-04-18 16:48:27.018484","0001-01-01 00:00:00",""
"1030F06F-B8C7-4BF3-FC79-08DB40EAFCFC","False","56405CB0-F063-4086-1407-08DB1E5A891C","True","2023-04-19 15:39:54.604031","0001-01-01 00:00:00",""
"FAACEBE1-BF0E-4FAE-FC9C-08DB40EAFCFC","False","AB995316-AC5B-4F93-3F22-08DB008453BF","True","2023-04-19 17:44:11.937791","0001-01-01 00:00:00",""
"FB77C977-3F6D-4808-E3DC-08DB410F3E62","False","C6992E31-6EE2-482C-D85D-08DAF8A9D2B6","True","2023-04-19 22:24:57.935218","0001-01-01 00:00:00",""
"50220106-FCEA-4DD5-8074-08DB41965032","False","50A482D2-A62E-4DDD-8181-08DAFF1D643C","True","2023-04-20 16:44:14.322736","0001-01-01 00:00:00",""
"A613F166-44C6-48DE-8955-08DB41C1649D","False","4DE2FC93-0AFA-4B7F-3227-08DB08708FC4","True","2023-04-20 17:08:36.978984","0001-01-01 00:00:00",""
"482E872C-48BA-4F32-8976-08DB41C1649D","False","56405CB0-F063-4086-1407-08DB1E5A891C","True","2023-04-20 19:02:21.170973","0001-01-01 00:00:00",""
"B38DB530-2CEE-4501-8994-08DB41C1649D","True","DA6AC379-A8D7-4507-8182-08DAFF1D643C","False","2023-04-20 20:53:55.343261","0001-01-01 00:00:00",""
"78D73365-F24C-4AB8-9878-08DB41E4BF27","False","E04BD2D2-1A48-4EFE-8184-08DAFF1D643C","True","2023-04-20 21:35:43.796875","0001-01-01 00:00:00",""
"B8C06BB0-3A0B-4826-0F35-08DB4272B18C","False","AB995316-AC5B-4F93-3F22-08DB008453BF","True","2023-04-21 15:02:18.501810","0001-01-01 00:00:00",""
"A7F006A2-1333-4249-84C7-08DB44D16F8F","False","E04BD2D2-1A48-4EFE-8184-08DAFF1D643C","True","2023-04-24 15:27:14.754289","0001-01-01 00:00:00",""
"95474844-F66E-4A37-8DC2-08DB4506C446","True","DA6AC379-A8D7-4507-8182-08DAFF1D643C","False","2023-04-24 21:27:21.907659","0001-01-01 00:00:00",""
"D90962C4-2726-4627-8DC5-08DB4506C446","False","A753707C-58AB-43A4-D85E-08DAF8A9D2B6","True","2023-04-24 21:31:36.840843","0001-01-01 00:00:00",""
"EC47DA63-B4BD-4F54-ECD7-08DB45436692","False","AB995316-AC5B-4F93-3F22-08DB008453BF","True","2023-04-25 17:10:26.032989","0001-01-01 00:00:00",""
"FAEF1D14-2657-48C5-F081-08DB45B168F4","False","C73CFED1-5618-45BA-8186-08DAFF1D643C","True","2023-04-25 18:02:31.769402","0001-01-01 00:00:00",""
"9CED4D8A-A477-4A48-20F3-08DB46838A14","False","AB995316-AC5B-4F93-3F22-08DB008453BF","True","2023-04-26 20:10:56.613706","0001-01-01 00:00:00",""
"CE7B81F3-F610-4AAC-8C40-08DB4824B11D","False","AB995316-AC5B-4F93-3F22-08DB008453BF","True","2023-04-28 20:11:29.950931","0001-01-01 00:00:00",""
"FF0FC9A6-A15F-4FCB-8EEB-08DB48371C92","False","AB995316-AC5B-4F93-3F22-08DB008453BF","True","2023-04-28 23:19:27.858263","0001-01-01 00:00:00",""
"7936F99E-A184-4F1D-8EED-08DB48371C92","False","E04BD2D2-1A48-4EFE-8184-08DAFF1D643C","True","2023-04-28 23:38:13.560583","0001-01-01 00:00:00",""
"1AD6B745-BAC1-4332-8EFD-08DB48371C92","False","DA6AC379-A8D7-4507-8182-08DAFF1D643C","True","2023-04-29 00:06:24.721919","0001-01-01 00:00:00",""
"32BF4845-57F0-47C2-8EFE-08DB48371C92","False","AB995316-AC5B-4F93-3F22-08DB008453BF","True","2023-04-29 00:06:36.037795","0001-01-01 00:00:00",""
"120E1DBF-BA22-4A37-17D5-08DB48DF6486","False","DA6AC379-A8D7-4507-8182-08DAFF1D643C","True","2023-04-30 21:23:24.048921","0001-01-01 00:00:00",""
"66E99C4B-6E74-4F6C-181A-08DB48DF6486","False","56405CB0-F063-4086-1407-08DB1E5A891C","True","2023-05-01 14:05:55.468426","0001-01-01 00:00:00",""
"DCFA1518-EB30-42B3-7D4C-08DB4A685573","False","E04BD2D2-1A48-4EFE-8184-08DAFF1D643C","True","2023-05-01 20:21:02.067343","0001-01-01 00:00:00",""
"0B5CA953-C00E-4286-F7AC-08DB4BCD107F","False","56405CB0-F063-4086-1407-08DB1E5A891C","True","2023-05-03 22:21:46.318092","0001-01-01 00:00:00",""
