"AccountId","GroupId"
"06A3A5D4-F1CE-4473-8857-08DB0083F296","1AD50744-D038-4C5B-45C6-08DB3CFB1067"
"272627EE-17C3-4D08-8858-08DB0083F296","221C5301-706F-4C3D-FCA9-08DB03B48A73"
"1782ABDF-B8F8-431B-8859-08DB0083F296","04A9CF47-ADD3-4A90-398B-08DB2061F233"
"136D4EB2-6784-46CA-885B-08DB0083F296","2C1C8338-CBCF-4178-408A-08DB062E9EF5"
"6EDB720D-DF9C-4F43-C7EE-08DB02ECB4A0","A261FEF8-B7B4-4248-FCA8-08DB03B48A73"
"278BBB65-C01B-4D3F-2230-08DB03179FA0","C33FF721-8EBF-4486-FCA6-08DB03B48A73"
"848083F0-7994-4FB5-2231-08DB03179FA0","B52C14EF-738F-4A51-FCA7-08DB03B48A73"
"181B08D6-2644-4C84-154A-08DB0AD08D3C","FF469D35-765B-46FE-E18F-08DB0DD477CA"
"441F1402-923F-44BC-8A21-08DB1065AA67","E424214A-352B-49A7-3B3A-08DB1069298E"
"0FC18F7D-C662-4813-8A23-08DB1065AA67","811F5AB1-EE6E-4D9F-9EB0-08DB1FEAAD45"
"E0132BE0-C3A0-4DFE-428D-08DB1131CC9A","1710795A-9631-449E-F9E1-08DB15E1F9E2"
"F7B05C42-C22B-4C0D-8F55-08DB15BD253C","DBC76231-163C-4662-91F7-08DB24D41338"
"CE423CA4-3A1C-4D34-8F59-08DB15BD253C","0EA43862-CECC-4B1E-3855-08DB1BECB1BC"
"056C3E4E-E5D6-4D4B-8F5A-08DB15BD253C","B21738F6-594F-43C3-F9DD-08DB15E1F9E2"
"056C3E4E-E5D6-4D4B-8F5A-08DB15BD253C","8F50B046-ABB8-4E50-F9DE-08DB15E1F9E2"
"056C3E4E-E5D6-4D4B-8F5A-08DB15BD253C","4D2ADCDF-763B-49F1-F9DF-08DB15E1F9E2"
"056C3E4E-E5D6-4D4B-8F5A-08DB15BD253C","B620C2C4-B0BE-43AC-F9E0-08DB15E1F9E2"
"591A53BD-CC59-4B93-0298-08DB190FF997","EB8F7B8B-0C9B-4E84-7565-08DB3A0C2CD0"
"65366BAE-B890-4FFF-F3F0-08DB1A809E26","271A5F8D-D194-4980-06F5-08DB25906C1A"
"1031E3E2-0720-497E-9650-08DB2BD0F151","713C4B1D-FE5C-4C59-DB98-08DB2C7C534D"
"506F4860-C3F8-4347-5053-08DB2EE8B2CC","5CDE0BB8-FD50-4B10-D53F-08DB2EF781FA"
"A9F6BCD9-7471-4FB5-CEB9-08DB2F1F2FDC","06BB0339-92A6-47A7-F91C-08DB2F97BDB8"
"1A9D056D-8607-401B-CEBA-08DB2F1F2FDC","EC0BF45C-2D03-4772-FFFB-08DB308E69B5"
"2C23F727-211F-4948-0BFE-08DB3142454A","409A962A-23BD-4025-B767-08DB3F56EB02"
"8B9A723E-4848-4EAA-AFDE-08DB36C369B1","F4EBBD6E-D964-4921-4E47-08DB3932555B"
"171D3EB1-888E-486D-AFDF-08DB36C369B1","00A57D92-5348-4570-6848-08DB3B61DC66"
"39AD4EFA-D08D-459B-1CFA-08DB3D4AAAA1","B5C07347-C66F-4FD5-DA48-08DB42A89F3B"
"64BF44E8-D5F9-487E-0B8D-08DB45B7D529","A3616570-8E24-4165-EF16-08DB465FF0FE"
